Gene,A,T,G,C,Length,GC%,AT%,GC_skew,AT_skew,Start,Group,Sample_Size,A%,T%,G%,C%,GC_Skew_x100
ATP6,243.0963,251.6848,66.4854,116.3502,677.6527,26.9845,73.0155,-0.2678,-0.0189,4068.3784,Complex V,1028,35.8733,37.1407,9.8111,17.1696,-26.7837
ATP8,68.3359,58.6495,8.0359,25.7583,160.7913,21.0029,78.9971,-0.5215,0.0737,3914.8369,Complex V,1030,42.4998,36.4756,4.9977,16.0197,-52.1493
COI,492.1881,527.8507,228.4849,266.7174,1515.3233,32.6940,67.3060,-0.0763,-0.0358,1573.7353,Complex IV,1058,32.4807,34.8342,15.0783,17.6014,-7.6349
COII,248.9341,230.6821,85.7992,119.1132,684.5669,29.9312,70.0688,-0.1602,0.0381,3116.5197,Complex IV,1016,36.3637,33.6975,12.5334,17.3998,-16.0177
COIII,260.5433,275.6132,110.7037,143.7825,790.6791,32.1904,67.8096,-0.1265,-0.0289,4747.9390,Complex IV,1016,32.9518,34.8578,14.0011,18.1847,-12.6548
CYTB,382.9563,417.9272,139.3495,198.4350,1138.7883,29.6666,70.3334,-0.1685,-0.0443,10441.1796,Complex III,1030,33.6284,36.6993,12.2366,17.4251,-16.8484
ND1,234.7456,467.8495,152.2893,90.9175,945.8903,25.7141,74.2859,0.2459,-0.3318,11686.3951,Complex I,1030,24.8174,49.4613,16.1001,9.6118,24.5870
ND2,378.1490,373.2230,100.1149,169.9396,1021.4674,26.4359,73.5641,-0.2571,0.0063,405.0399,Complex I,1027,37.0202,36.5379,9.8011,16.6368,-25.7148
ND3,127.0903,131.3922,37.8495,57.1107,353.4670,26.8659,73.1341,-0.1960,-0.0178,5605.3913,Complex I,1030,35.9553,37.1724,10.7081,16.1573,-19.5998
ND4,335.3398,664.0854,217.9825,118.2369,1335.9961,25.1713,74.8287,0.2929,-0.3286,8168.9010,Complex I,1030,25.1004,49.7071,16.3161,8.8501,29.2945
ND4L,67.2641,160.3447,44.5757,22.0437,294.2583,22.6377,77.3623,0.3328,-0.4090,9496.6311,Complex I,1030,22.8589,54.4911,15.1485,7.4913,33.2814
ND5,455.2214,844.4709,268.8155,157.3942,1726.0136,24.6907,75.3093,0.2571,-0.2989,6370.5961,Complex I,1030,26.3741,48.9261,15.5744,9.1189,25.7064
ND6,213.0563,199.7058,34.4845,72.9447,520.2175,20.6514,79.3486,-0.3384,0.0310,9919.1981,Complex I,1030,40.9552,38.3889,6.6289,14.0220,-33.8424
